"tourn_id","team","qgp","qw","qd","ql","qp","qpp","qop","qopp","qgf","qga","qgd","fgp","fw","fd","fl","fp","fpp","fop","fopp","fgf","fga","fgd","hd","cd"
"wc_1930","Argentina",NA,NA,NA,NA,NA,NA,NA,NA,NA,NA,NA,5,4,0,1,12,0.8,8,0.8,18,9,9,0,0
"wc_1930","Belgium",NA,NA,NA,NA,NA,NA,NA,NA,NA,NA,NA,2,0,0,2,0,0,0,0,0,4,-4,0,0
"wc_1930","Bolivia",NA,NA,NA,NA,NA,NA,NA,NA,NA,NA,NA,2,0,0,2,0,0,0,0,0,8,-8,0,0
"wc_1930","Brazil",NA,NA,NA,NA,NA,NA,NA,NA,NA,NA,NA,2,1,0,1,3,0.5,2,0.5,5,2,3,0,0
"wc_1930","Chile",NA,NA,NA,NA,NA,NA,NA,NA,NA,NA,NA,3,2,0,1,6,0.666666666666667,4,0.666666666666667,5,3,2,0,0
"wc_1930","France",NA,NA,NA,NA,NA,NA,NA,NA,NA,NA,NA,3,1,0,2,3,0.333333333333333,2,0.333333333333333,4,3,1,0,0
"wc_1930","Mexico",NA,NA,NA,NA,NA,NA,NA,NA,NA,NA,NA,3,0,0,3,0,0,0,0,4,13,-9,0,0
"wc_1930","Paraguay",NA,NA,NA,NA,NA,NA,NA,NA,NA,NA,NA,2,1,0,1,3,0.5,2,0.5,1,3,-2,0,0
"wc_1930","Peru",NA,NA,NA,NA,NA,NA,NA,NA,NA,NA,NA,2,0,0,2,0,0,0,0,1,4,-3,0,0
"wc_1930","Romania",NA,NA,NA,NA,NA,NA,NA,NA,NA,NA,NA,2,1,0,1,3,0.5,2,0.5,3,5,-2,0,0
"wc_1930","Serbia/Yugoslavia",NA,NA,NA,NA,NA,NA,NA,NA,NA,NA,NA,3,2,0,1,6,0.666666666666667,4,0.666666666666667,7,7,0,0,0
"wc_1930","Uruguay",NA,NA,NA,NA,NA,NA,NA,NA,NA,NA,NA,4,4,0,0,12,1,8,1,15,3,12,1,1
"wc_1930","USA",NA,NA,NA,NA,NA,NA,NA,NA,NA,NA,NA,3,2,0,1,6,0.666666666666667,4,0.666666666666667,7,6,1,0,0
"wc_1934","Argentina",NA,NA,NA,NA,NA,NA,NA,NA,NA,NA,NA,1,0,0,1,0,0,0,0,2,3,-1,0,0
"wc_1934","Austria",1,1,0,0,3,1,2,1,6,1,5,4,2,0,2,6,0.5,4,0.5,7,7,0,0,0
"wc_1934","Belgium",2,0,1,1,1,0.166666666666667,1,0.25,6,8,-2,1,0,0,1,0,0,0,0,2,5,-3,0,0
"wc_1934","Brazil",NA,NA,NA,NA,NA,NA,NA,NA,NA,NA,NA,1,0,0,1,0,0,0,0,1,3,-2,0,0
"wc_1934","Czech Republic/CSFR",1,1,0,0,3,1,2,1,2,1,1,4,3,0,1,9,0.75,6,0.75,9,6,3,0,0
"wc_1934","Egypt",2,2,0,0,6,1,4,1,11,2,9,1,0,0,1,0,0,0,0,2,4,-2,0,0
"wc_1934","France",1,1,0,0,3,1,2,1,6,1,5,1,0,0,1,0,0,0,0,2,3,-1,0,0
"wc_1934","Germany",1,1,0,0,3,1,2,1,9,1,8,4,3,0,1,9,0.75,6,0.75,11,8,3,0,0
"wc_1934","Hungary",2,2,0,0,6,1,4,1,8,2,6,2,1,0,1,3,0.5,2,0.5,5,4,1,0,0
"wc_1934","Italy",1,1,0,0,3,1,2,1,4,0,4,5,4,1,0,13,0.866666666666667,9,0.9,12,3,9,1,1
"wc_1934","Netherlands",2,2,0,0,6,1,4,1,9,4,5,1,0,0,1,0,0,0,0,2,3,-1,0,0
"wc_1934","Romania",1,1,0,0,3,1,2,1,2,1,1,1,0,0,1,0,0,0,0,1,2,-1,0,0
"wc_1934","Spain",2,2,0,0,6,1,4,1,11,1,10,3,1,1,1,4,0.444444444444444,3,0.5,4,3,1,0,0
"wc_1934","Sweden",2,2,0,0,6,1,4,1,8,2,6,2,1,0,1,3,0.5,2,0.5,4,4,0,0,0
"wc_1934","Switzerland",1,0,1,0,1,0.333333333333333,1,0.5,2,2,0,2,1,0,1,3,0.5,2,0.5,5,5,0,0,0
"wc_1934","USA",1,1,0,0,3,1,2,1,4,2,2,1,0,0,1,0,0,0,0,1,7,-6,0,0
"wc_1938","Belgium",2,1,1,0,4,0.666666666666667,3,0.75,4,3,1,1,0,0,1,0,0,0,0,1,3,-2,0,0
"wc_1938","Brazil",NA,NA,NA,NA,NA,NA,NA,NA,NA,NA,NA,5,3,1,1,10,0.666666666666667,7,0.7,14,11,3,0,0
"wc_1938","Cuba",NA,NA,NA,NA,NA,NA,NA,NA,NA,NA,NA,3,1,1,1,4,0.444444444444444,3,0.5,5,12,-7,0,0
"wc_1938","Czech Republic/CSFR",2,1,1,0,4,0.666666666666667,3,0.75,7,1,6,3,1,1,1,4,0.444444444444444,3,0.5,5,3,2,0,0
"wc_1938","France",NA,NA,NA,NA,NA,NA,NA,NA,NA,NA,NA,2,1,0,1,3,0.5,2,0.5,4,4,0,1,0
"wc_1938","Germany",3,3,0,0,9,1,6,1,11,1,10,2,0,1,1,1,0.166666666666667,1,0.25,3,5,-2,0,0
"wc_1938","Hungary",1,1,0,0,3,1,2,1,11,1,10,4,3,0,1,9,0.75,6,0.75,15,5,10,0,0
"wc_1938","Indonesia/Nether. Indies",NA,NA,NA,NA,NA,NA,NA,NA,NA,NA,NA,1,0,0,1,0,0,0,0,0,6,-6,0,0
"wc_1938","Italy",NA,NA,NA,NA,NA,NA,NA,NA,NA,NA,NA,4,4,0,0,12,1,8,1,11,5,6,0,1
"wc_1938","Netherlands",2,1,1,0,4,0.666666666666667,3,0.75,5,1,4,1,0,0,1,0,0,0,0,0,3,-3,0,0
"wc_1938","Norway",2,1,1,0,4,0.666666666666667,3,0.75,6,5,1,1,0,0,1,0,0,0,0,1,2,-1,0,0
"wc_1938","Poland",2,1,0,1,3,0.5,2,0.5,4,1,3,1,0,0,1,0,0,0,0,5,6,-1,0,0
"wc_1938","Romania",NA,NA,NA,NA,NA,NA,NA,NA,NA,NA,NA,2,0,1,1,1,0.166666666666667,1,0.25,4,5,-1,0,0
"wc_1938","Sweden",3,2,0,1,6,0.666666666666667,4,0.666666666666667,11,7,4,3,1,0,2,3,0.333333333333333,2,0.333333333333333,11,9,2,0,0
"wc_1938","Switzerland",1,1,0,0,3,1,2,1,2,1,1,3,1,1,1,4,0.444444444444444,3,0.5,5,5,0,0,0
"wc_1950","Bolivia",NA,NA,NA,NA,NA,NA,NA,NA,NA,NA,NA,1,0,0,1,0,0,0,0,0,8,-8,0,0
"wc_1950","Brazil",NA,NA,NA,NA,NA,NA,NA,NA,NA,NA,NA,6,4,1,1,13,0.722222222222222,9,0.75,22,6,16,1,0
"wc_1950","Chile",NA,NA,NA,NA,NA,NA,NA,NA,NA,NA,NA,3,1,0,2,3,0.333333333333333,2,0.333333333333333,5,6,-1,0,0
"wc_1950","England",3,3,0,0,9,1,6,1,14,3,11,3,1,0,2,3,0.333333333333333,2,0.333333333333333,2,2,0,0,0
"wc_1950","Italy",NA,NA,NA,NA,NA,NA,NA,NA,NA,NA,NA,2,1,0,1,3,0.5,2,0.5,4,3,1,0,0
"wc_1950","Mexico",4,4,0,0,12,1,8,1,17,2,15,3,0,0,3,0,0,0,0,2,10,-8,0,0
"wc_1950","Paraguay",NA,NA,NA,NA,NA,NA,NA,NA,NA,NA,NA,2,0,1,1,1,0.166666666666667,1,0.25,2,4,-2,0,0
"wc_1950","Serbia/Yugoslavia",5,3,2,0,11,0.733333333333333,8,0.8,16,6,10,3,2,0,1,6,0.666666666666667,4,0.666666666666667,7,3,4,0,0
"wc_1950","Spain",2,1,1,0,4,0.666666666666667,3,0.75,7,3,4,6,3,1,2,10,0.555555555555556,7,0.583333333333333,10,12,-2,0,0
"wc_1950","Sweden",3,3,0,0,9,1,6,1,14,3,11,5,2,1,2,7,0.466666666666667,5,0.5,11,15,-4,0,0
"wc_1950","Switzerland",2,2,0,0,6,1,4,1,8,4,4,3,1,1,1,4,0.444444444444444,3,0.5,4,6,-2,0,0
"wc_1950","Uruguay",NA,NA,NA,NA,NA,NA,NA,NA,NA,NA,NA,4,3,1,0,10,0.833333333333333,7,0.875,15,5,10,0,1
"wc_1950","USA",4,1,1,2,4,0.333333333333333,3,0.375,8,15,-7,3,1,0,2,3,0.333333333333333,2,0.333333333333333,4,8,-4,0,0
"wc_1954","Austria",2,1,1,0,4,0.666666666666667,3,0.75,9,1,8,5,4,0,1,12,0.8,8,0.8,17,12,5,0,0
"wc_1954","Belgium",4,3,1,0,10,0.833333333333333,7,0.875,11,6,5,2,0,1,1,1,0.166666666666667,1,0.25,5,8,-3,0,0
"wc_1954","Brazil",4,4,0,0,12,1,8,1,8,1,7,3,1,1,1,4,0.444444444444444,3,0.5,8,5,3,0,0
"wc_1954","Czech Republic/CSFR",4,3,1,0,10,0.833333333333333,7,0.875,5,1,4,2,0,0,2,0,0,0,0,0,7,-7,0,0
"wc_1954","England",3,3,0,0,9,1,6,1,11,4,7,3,1,1,1,4,0.444444444444444,3,0.5,8,8,0,0,0
"wc_1954","France",4,4,0,0,12,1,8,1,20,4,16,2,1,0,1,3,0.5,2,0.5,3,3,0,0,0
"wc_1954","Germany",4,3,1,0,10,0.833333333333333,7,0.875,12,3,9,6,5,0,1,15,0.833333333333333,10,0.833333333333333,25,14,11,0,1
"wc_1954","Hungary",NA,NA,NA,NA,NA,NA,NA,NA,NA,NA,NA,5,4,0,1,12,0.8,8,0.8,27,10,17,0,0
"wc_1954","Italy",2,2,0,0,6,1,4,1,7,2,5,3,1,0,2,3,0.333333333333333,2,0.333333333333333,6,7,-1,0,0
"wc_1954","Mexico",4,4,0,0,12,1,8,1,19,1,18,2,0,0,2,0,0,0,0,2,8,-6,0,0
"wc_1954","Scotland",3,1,1,1,4,0.444444444444444,3,0.5,8,8,0,2,0,0,2,0,0,0,0,0,8,-8,0,0
"wc_1954","Serbia/Yugoslavia",4,4,0,0,12,1,8,1,4,0,4,3,1,1,1,4,0.444444444444444,3,0.5,2,3,-1,0,0
"wc_1954","South Korea",2,1,1,0,4,0.666666666666667,3,0.75,7,3,4,2,0,0,2,0,0,0,0,0,16,-16,0,0
"wc_1954","Switzerland",NA,NA,NA,NA,NA,NA,NA,NA,NA,NA,NA,4,2,0,2,6,0.5,4,0.5,11,11,0,1,0
"wc_1954","Turkey",3,1,1,1,4,0.444444444444444,3,0.5,4,6,-2,3,1,0,2,3,0.333333333333333,2,0.333333333333333,10,11,-1,0,0
"wc_1954","Uruguay",NA,NA,NA,NA,NA,NA,NA,NA,NA,NA,NA,5,3,0,2,9,0.6,6,0.6,16,9,7,0,0
"wc_1958","Argentina",4,3,0,1,9,0.75,6,0.75,10,2,8,3,1,0,2,3,0.333333333333333,2,0.333333333333333,5,10,-5,0,0
"wc_1958","Austria",4,3,1,0,10,0.833333333333333,7,0.875,14,3,11,3,0,1,2,1,0.111111111111111,1,0.166666666666667,2,7,-5,0,0
"wc_1958","Brazil",2,1,1,0,4,0.666666666666667,3,0.75,2,1,1,6,5,1,0,16,0.888888888888889,11,0.916666666666667,16,4,12,0,1
"wc_1958","Czech Republic/CSFR",4,3,0,1,9,0.75,6,0.75,9,3,6,4,1,1,2,4,0.333333333333333,3,0.375,9,6,3,0,0
"wc_1958","England",4,3,1,0,10,0.833333333333333,7,0.875,15,5,10,4,0,3,1,3,0.25,3,0.375,4,5,-1,0,0
"wc_1958","France",4,3,1,0,10,0.833333333333333,7,0.875,19,4,15,6,4,0,2,12,0.666666666666667,8,0.666666666666667,23,15,8,0,0
"wc_1958","Germany",NA,NA,NA,NA,NA,NA,NA,NA,NA,NA,NA,6,2,2,2,8,0.444444444444444,6,0.5,12,14,-2,0,0
"wc_1958","Hungary",4,3,0,1,9,0.75,6,0.75,12,4,8,4,1,1,2,4,0.333333333333333,3,0.375,7,5,2,0,0
"wc_1958","Mexico",6,5,1,0,16,0.888888888888889,11,0.916666666666667,21,3,18,3,0,1,2,1,0.111111111111111,1,0.166666666666667,1,8,-7,0,0
"wc_1958","Northern Ireland",4,2,1,1,7,0.583333333333333,5,0.625,6,3,3,5,2,1,2,7,0.466666666666667,5,0.5,6,10,-4,0,0
"wc_1958","Paraguay",4,3,0,1,9,0.75,6,0.75,11,4,7,3,1,1,1,4,0.444444444444444,3,0.5,9,12,-3,0,0
"wc_1958","Russia/USSR",5,4,0,1,12,0.8,8,0.8,18,3,15,5,2,1,2,7,0.466666666666667,5,0.5,5,6,-1,0,0
"wc_1958","Scotland",4,3,0,1,9,0.75,6,0.75,10,9,1,3,0,1,2,1,0.111111111111111,1,0.166666666666667,4,6,-2,0,0
"wc_1958","Serbia/Yugoslavia",4,2,2,0,8,0.666666666666667,6,0.75,7,2,5,4,1,2,1,5,0.416666666666667,4,0.5,7,7,0,0,0
"wc_1958","Sweden",NA,NA,NA,NA,NA,NA,NA,NA,NA,NA,NA,6,4,1,1,13,0.722222222222222,9,0.75,12,7,5,1,0
"wc_1958","Wales",6,4,0,2,12,0.666666666666667,8,0.666666666666667,10,5,5,5,1,3,1,6,0.4,5,0.5,4,4,0,0,0
"wc_1962","Argentina",2,2,0,0,6,1,4,1,11,3,8,3,1,1,1,4,0.444444444444444,3,0.5,2,3,-1,0,0
"wc_1962","Brazil",NA,NA,NA,NA,NA,NA,NA,NA,NA,NA,NA,6,5,1,0,16,0.888888888888889,11,0.916666666666667,14,5,9,0,1
"wc_1962","Bulgaria",5,4,0,1,12,0.8,8,0.8,7,4,3,3,0,1,2,1,0.111111111111111,1,0.166666666666667,1,7,-6,0,0
"wc_1962","Chile",NA,NA,NA,NA,NA,NA,NA,NA,NA,NA,NA,6,4,0,2,12,0.666666666666667,8,0.666666666666667,10,8,2,1,0
"wc_1962","Colombia",2,1,1,0,4,0.666666666666667,3,0.75,2,1,1,3,0,1,2,1,0.111111111111111,1,0.166666666666667,5,11,-6,0,0
"wc_1962","Czech Republic/CSFR",5,4,0,1,12,0.8,8,0.8,20,7,13,6,3,1,2,10,0.555555555555556,7,0.583333333333333,7,7,0,0,0
"wc_1962","England",4,3,1,0,10,0.833333333333333,7,0.875,16,2,14,4,1,1,2,4,0.333333333333333,3,0.375,5,6,-1,0,0
"wc_1962","Germany",4,4,0,0,12,1,8,1,11,5,6,4,2,1,1,7,0.583333333333333,5,0.625,4,2,2,0,0
"wc_1962","Hungary",4,3,1,0,10,0.833333333333333,7,0.875,11,5,6,4,2,1,1,7,0.583333333333333,5,0.625,8,3,5,0,0
"wc_1962","Italy",2,2,0,0,6,1,4,1,10,2,8,3,1,1,1,4,0.444444444444444,3,0.5,3,2,1,0,0
"wc_1962","Mexico",8,4,3,1,15,0.625,11,0.6875,18,5,13,3,1,0,2,3,0.333333333333333,2,0.333333333333333,3,4,-1,0,0
"wc_1962","Russia/USSR",4,4,0,0,12,1,8,1,11,3,8,4,2,1,1,7,0.583333333333333,5,0.625,9,7,2,0,0
"wc_1962","Serbia/Yugoslavia",4,3,1,0,10,0.833333333333333,7,0.875,11,4,7,6,3,0,3,9,0.5,6,0.5,10,7,3,0,0
"wc_1962","Spain",4,3,1,0,10,0.833333333333333,7,0.875,7,4,3,3,1,0,2,3,0.333333333333333,2,0.333333333333333,2,3,-1,0,0
"wc_1962","Switzerland",5,4,0,1,12,0.8,8,0.8,11,10,1,3,0,0,3,0,0,0,0,2,8,-6,0,0
"wc_1962","Uruguay",2,1,1,0,4,0.666666666666667,3,0.75,3,2,1,3,1,0,2,3,0.333333333333333,2,0.333333333333333,4,6,-2,0,0
"wc_1966","Argentina",4,3,1,0,10,0.833333333333333,7,0.875,9,2,7,4,2,1,1,7,0.583333333333333,5,0.625,4,2,2,0,0
"wc_1966","Brazil",NA,NA,NA,NA,NA,NA,NA,NA,NA,NA,NA,3,1,0,2,3,0.333333333333333,2,0.333333333333333,4,6,-2,0,0
"wc_1966","Bulgaria",5,4,0,1,12,0.8,8,0.8,11,7,4,3,0,0,3,0,0,0,0,1,8,-7,0,0
"wc_1966","Chile",5,3,1,1,10,0.666666666666667,7,0.7,14,8,6,3,0,1,2,1,0.111111111111111,1,0.166666666666667,2,5,-3,0,0
"wc_1966","England",NA,NA,NA,NA,NA,NA,NA,NA,NA,NA,NA,6,5,1,0,16,0.888888888888889,11,0.916666666666667,11,3,8,1,1
"wc_1966","France",6,5,0,1,15,0.833333333333333,10,0.833333333333333,9,2,7,3,0,1,2,1,0.111111111111111,1,0.166666666666667,2,5,-3,0,0
"wc_1966","Germany",4,3,1,0,10,0.833333333333333,7,0.875,14,2,12,6,4,1,1,13,0.722222222222222,9,0.75,15,6,9,0,0
"wc_1966","Hungary",4,3,1,0,10,0.833333333333333,7,0.875,8,3,5,4,2,0,2,6,0.5,4,0.5,8,7,1,0,0
"wc_1966","Italy",6,4,1,1,13,0.722222222222222,9,0.75,17,3,14,3,1,0,2,3,0.333333333333333,2,0.333333333333333,2,2,0,0,0
"wc_1966","Mexico",8,6,2,0,20,0.833333333333333,14,0.875,20,4,16,3,0,2,1,2,0.222222222222222,2,0.333333333333333,1,3,-2,0,0
"wc_1966","North Korea",2,2,0,0,6,1,4,1,9,2,7,4,1,1,2,4,0.333333333333333,3,0.375,5,9,-4,0,0
"wc_1966","Portugal",6,4,1,1,13,0.722222222222222,9,0.75,9,4,5,6,5,0,1,15,0.833333333333333,10,0.833333333333333,17,8,9,0,0
"wc_1966","Russia/USSR",6,5,0,1,15,0.833333333333333,10,0.833333333333333,19,6,13,6,4,0,2,12,0.666666666666667,8,0.666666666666667,10,6,4,0,0
"wc_1966","Spain",3,2,0,1,6,0.666666666666667,4,0.666666666666667,5,2,3,3,1,0,2,3,0.333333333333333,2,0.333333333333333,4,5,-1,0,0
"wc_1966","Switzerland",6,4,1,1,13,0.722222222222222,9,0.75,7,3,4,3,0,0,3,0,0,0,0,1,9,-8,0,0
"wc_1966","Uruguay",4,4,0,0,12,1,8,1,11,2,9,4,1,2,1,5,0.416666666666667,4,0.5,2,5,-3,0,0
"wc_1970","Belgium",6,4,1,1,13,0.722222222222222,9,0.75,14,8,6,3,1,0,2,3,0.333333333333333,2,0.333333333333333,4,5,-1,0,0
"wc_1970","Brazil",6,6,0,0,18,1,12,1,23,2,21,6,6,0,0,18,1,12,1,19,7,12,0,1
"wc_1970","Bulgaria",6,4,1,1,13,0.722222222222222,9,0.75,12,7,5,3,0,1,2,1,0.111111111111111,1,0.166666666666667,5,9,-4,0,0
"wc_1970","Czech Republic/CSFR",7,5,1,1,16,0.761904761904762,11,0.785714285714286,16,7,9,3,0,0,3,0,0,0,0,2,7,-5,0,0
"wc_1970","El Salvador",4,2,0,2,6,0.5,4,0.5,5,7,-2,3,0,0,3,0,0,0,0,0,9,-9,0,0
"wc_1970","England",NA,NA,NA,NA,NA,NA,NA,NA,NA,NA,NA,4,2,0,2,6,0.5,4,0.5,4,4,0,0,0
"wc_1970","Germany",6,5,1,0,16,0.888888888888889,11,0.916666666666667,20,3,17,6,5,0,1,15,0.833333333333333,10,0.833333333333333,17,10,7,0,0
"wc_1970","Israel",4,3,1,0,10,0.833333333333333,7,0.875,8,1,7,3,0,2,1,2,0.222222222222222,2,0.333333333333333,1,3,-2,0,0
"wc_1970","Italy",4,3,1,0,10,0.833333333333333,7,0.875,10,3,7,6,3,2,1,11,0.611111111111111,8,0.666666666666667,10,8,2,0,0
"wc_1970","Mexico",NA,NA,NA,NA,NA,NA,NA,NA,NA,NA,NA,4,2,1,1,7,0.583333333333333,5,0.625,6,4,2,1,0
"wc_1970","Morocco",10,4,4,2,16,0.533333333333333,12,0.6,11,7,4,3,0,1,2,1,0.111111111111111,1,0.166666666666667,2,6,-4,0,0
"wc_1970","Peru",4,2,1,1,7,0.583333333333333,5,0.625,7,4,3,4,2,0,2,6,0.5,4,0.5,9,9,0,0,0
"wc_1970","Romania",6,3,2,1,11,0.611111111111111,8,0.666666666666667,7,6,1,3,1,0,2,3,0.333333333333333,2,0.333333333333333,4,5,-1,0,0
"wc_1970","Russia/USSR",4,3,1,0,10,0.833333333333333,7,0.875,8,1,7,4,2,1,1,7,0.583333333333333,5,0.625,6,2,4,0,0
"wc_1970","Sweden",4,3,0,1,9,0.75,6,0.75,12,5,7,3,1,1,1,4,0.444444444444444,3,0.5,2,2,0,0,0
"wc_1970","Uruguay",4,3,1,0,10,0.833333333333333,7,0.875,5,0,5,6,2,1,3,7,0.388888888888889,5,0.416666666666667,4,5,-1,0,0
"wc_1974","Argentina",4,3,1,0,10,0.833333333333333,7,0.875,9,2,7,6,1,2,3,5,0.277777777777778,4,0.333333333333333,9,12,-3,0,0
"wc_1974","Australia",11,5,5,1,20,0.606060606060606,15,0.681818181818182,21,10,11,3,0,1,2,1,0.111111111111111,1,0.166666666666667,0,5,-5,0,0
"wc_1974","Brazil",NA,NA,NA,NA,NA,NA,NA,NA,NA,NA,NA,7,3,2,2,11,0.523809523809524,8,0.571428571428571,6,4,2,0,0
"wc_1974","Bulgaria",6,4,2,0,14,0.777777777777778,10,0.833333333333333,13,3,10,3,0,2,1,2,0.222222222222222,2,0.333333333333333,2,5,-3,0,0
"wc_1974","Chile",4,2,1,1,7,0.583333333333333,5,0.625,4,3,1,3,0,2,1,2,0.222222222222222,2,0.333333333333333,1,2,-1,0,0
"wc_1974","DRC/Zaire",10,7,1,2,22,0.733333333333333,15,0.75,18,4,14,3,0,0,3,0,0,0,0,0,14,-14,0,0
"wc_1974","German Dem. Rep. (East Germany)",6,5,0,1,15,0.833333333333333,10,0.833333333333333,18,3,15,6,2,2,2,8,0.444444444444444,6,0.5,5,5,0,0,0
"wc_1974","Germany",NA,NA,NA,NA,NA,NA,NA,NA,NA,NA,NA,7,6,0,1,18,0.857142857142857,12,0.857142857142857,13,4,9,1,1
"wc_1974","Haiti",7,6,0,1,18,0.857142857142857,12,0.857142857142857,20,3,17,3,0,0,3,0,0,0,0,2,14,-12,0,0
"wc_1974","Italy",6,4,2,0,14,0.777777777777778,10,0.833333333333333,12,0,12,3,1,1,1,4,0.444444444444444,3,0.5,5,4,1,0,0
"wc_1974","Netherlands",6,4,2,0,14,0.777777777777778,10,0.833333333333333,24,2,22,7,5,1,1,16,0.761904761904762,11,0.785714285714286,15,3,12,0,0
"wc_1974","Poland",4,2,1,1,7,0.583333333333333,5,0.625,6,3,3,7,6,0,1,18,0.857142857142857,12,0.857142857142857,16,5,11,0,0
"wc_1974","Scotland",4,3,0,1,9,0.75,6,0.75,8,3,5,3,1,2,0,5,0.555555555555556,4,0.666666666666667,3,1,2,0,0
"wc_1974","Serbia/Yugoslavia",5,3,2,0,11,0.733333333333333,8,0.8,8,4,4,6,1,2,3,5,0.277777777777778,4,0.333333333333333,12,7,5,0,0
"wc_1974","Sweden",7,4,2,1,14,0.666666666666667,10,0.714285714285714,17,9,8,6,2,2,2,8,0.444444444444444,6,0.5,7,6,1,0,0
"wc_1974","Uruguay",4,2,1,1,7,0.583333333333333,5,0.625,6,2,4,3,0,1,2,1,0.111111111111111,1,0.166666666666667,1,6,-5,0,0
"wc_1978","Argentina",NA,NA,NA,NA,NA,NA,NA,NA,NA,NA,NA,7,5,1,1,16,0.761904761904762,11,0.785714285714286,15,4,11,1,1
"wc_1978","Austria",6,4,2,0,14,0.777777777777778,10,0.833333333333333,14,2,12,6,3,0,3,9,0.5,6,0.5,7,10,-3,0,0
"wc_1978","Brazil",6,4,2,0,14,0.777777777777778,10,0.833333333333333,17,1,16,7,4,3,0,15,0.714285714285714,11,0.785714285714286,10,3,7,0,0
"wc_1978","France",4,2,1,1,7,0.583333333333333,5,0.625,7,4,3,3,1,0,2,3,0.333333333333333,2,0.333333333333333,5,5,0,0,0
"wc_1978","Germany",NA,NA,NA,NA,NA,NA,NA,NA,NA,NA,NA,6,1,4,1,7,0.388888888888889,6,0.5,10,5,5,0,0
"wc_1978","Hungary",6,4,1,1,13,0.722222222222222,9,0.75,15,6,9,3,0,0,3,0,0,0,0,3,8,-5,0,0
"wc_1978","Iran",11,9,2,0,29,0.878787878787879,20,0.909090909090909,18,3,15,3,0,1,2,1,0.111111111111111,1,0.166666666666667,2,8,-6,0,0
"wc_1978","Italy",6,5,0,1,15,0.833333333333333,10,0.833333333333333,18,4,14,7,4,1,2,13,0.619047619047619,9,0.642857142857143,9,6,3,0,0
"wc_1978","Mexico",9,6,2,1,20,0.740740740740741,14,0.777777777777778,23,6,17,3,0,0,3,0,0,0,0,2,12,-10,0,0
"wc_1978","Netherlands",6,5,1,0,16,0.888888888888889,11,0.916666666666667,11,3,8,7,3,2,2,11,0.523809523809524,8,0.571428571428571,15,10,5,0,0
"wc_1978","Peru",6,3,2,1,11,0.611111111111111,8,0.666666666666667,13,3,10,6,2,1,3,7,0.388888888888889,5,0.416666666666667,7,12,-5,0,0
"wc_1978","Poland",6,5,1,0,16,0.888888888888889,11,0.916666666666667,17,4,13,6,3,1,2,10,0.555555555555556,7,0.583333333333333,6,6,0,0,0
"wc_1978","Scotland",4,3,0,1,9,0.75,6,0.75,6,3,3,3,1,1,1,4,0.444444444444444,3,0.5,5,6,-1,0,0
"wc_1978","Spain",4,3,0,1,9,0.75,6,0.75,4,1,3,3,1,1,1,4,0.444444444444444,3,0.5,2,2,0,0,0
"wc_1978","Sweden",4,3,0,1,9,0.75,6,0.75,7,4,3,3,0,1,2,1,0.111111111111111,1,0.166666666666667,1,3,-2,0,0
"wc_1978","Tunisia",10,4,4,2,16,0.533333333333333,12,0.6,15,9,6,3,1,1,1,4,0.444444444444444,3,0.5,3,2,1,0,0
"wc_1982","Algeria",8,5,2,1,17,0.708333333333333,12,0.75,16,6,10,3,2,0,1,6,0.666666666666667,4,0.666666666666667,5,5,0,0,0
"wc_1982","Argentina",NA,NA,NA,NA,NA,NA,NA,NA,NA,NA,NA,5,2,0,3,6,0.4,4,0.4,8,7,1,0,0
"wc_1982","Austria",8,5,1,2,16,0.666666666666667,11,0.6875,16,6,10,5,2,1,2,7,0.466666666666667,5,0.5,5,4,1,0,0
"wc_1982","Belgium",8,5,1,2,16,0.666666666666667,11,0.6875,12,9,3,5,2,1,2,7,0.466666666666667,5,0.5,3,5,-2,0,0
"wc_1982","Brazil",4,4,0,0,12,1,8,1,11,2,9,5,4,0,1,12,0.8,8,0.8,15,6,9,0,0
"wc_1982","Cameroon",8,5,1,2,16,0.666666666666667,11,0.6875,16,5,11,3,0,3,0,3,0.333333333333333,3,0.5,1,1,0,0,0
"wc_1982","Chile",4,3,1,0,10,0.833333333333333,7,0.875,6,0,6,3,0,0,3,0,0,0,0,3,8,-5,0,0
"wc_1982","Czech Republic/CSFR",8,4,2,2,14,0.583333333333333,10,0.625,15,6,9,3,0,2,1,2,0.222222222222222,2,0.333333333333333,2,4,-2,0,0
"wc_1982","El Salvador",8,3,3,2,12,0.5,9,0.5625,5,4,1,3,0,0,3,0,0,0,0,1,13,-12,0,0
"wc_1982","England",8,4,1,3,13,0.541666666666667,9,0.5625,13,8,5,5,3,2,0,11,0.733333333333333,8,0.8,6,1,5,0,0
"wc_1982","France",8,5,0,3,15,0.625,10,0.625,20,8,12,7,3,2,2,11,0.523809523809524,8,0.571428571428571,16,12,4,0,0
"wc_1982","Germany",8,8,0,0,24,1,16,1,33,3,30,7,3,2,2,11,0.523809523809524,8,0.571428571428571,12,10,2,0,0
"wc_1982","Honduras",13,8,4,1,28,0.717948717948718,20,0.769230769230769,23,6,17,3,0,2,1,2,0.222222222222222,2,0.333333333333333,2,3,-1,0,0
"wc_1982","Hungary",8,4,2,2,14,0.583333333333333,10,0.625,13,8,5,3,1,1,1,4,0.444444444444444,3,0.5,12,6,6,0,0
"wc_1982","Italy",8,5,2,1,17,0.708333333333333,12,0.75,12,5,7,7,4,3,0,15,0.714285714285714,11,0.785714285714286,12,6,6,0,1
"wc_1982","Kuwait",9,7,1,1,22,0.814814814814815,15,0.833333333333333,20,6,14,3,0,1,2,1,0.111111111111111,1,0.166666666666667,2,6,-4,0,0
"wc_1982","New Zealand",15,9,5,1,32,0.711111111111111,23,0.766666666666667,44,10,34,3,0,0,3,0,0,0,0,2,12,-10,0,0
"wc_1982","Northern Ireland",8,3,3,2,12,0.5,9,0.5625,6,3,3,5,1,3,1,6,0.4,5,0.5,5,7,-2,0,0
"wc_1982","Peru",4,2,2,0,8,0.666666666666667,6,0.75,5,2,3,3,0,2,1,2,0.222222222222222,2,0.333333333333333,2,6,-4,0,0
"wc_1982","Poland",4,4,0,0,12,1,8,1,12,2,10,7,3,3,1,12,0.571428571428571,9,0.642857142857143,11,5,6,0,0
"wc_1982","Russia/USSR",8,6,2,0,20,0.833333333333333,14,0.875,20,2,18,5,2,2,1,8,0.533333333333333,6,0.6,7,4,3,0,0
"wc_1982","Scotland",8,4,3,1,15,0.625,11,0.6875,9,4,5,3,1,1,1,4,0.444444444444444,3,0.5,8,8,0,0,0
"wc_1982","Serbia/Yugoslavia",8,6,1,1,19,0.791666666666667,13,0.8125,22,7,15,3,1,1,1,4,0.444444444444444,3,0.5,2,2,0,0,0
"wc_1982","Spain",NA,NA,NA,NA,NA,NA,NA,NA,NA,NA,NA,5,1,2,2,5,0.333333333333333,4,0.4,4,5,-1,1,0
"wc_1986","Algeria",6,5,1,0,16,0.888888888888889,11,0.916666666666667,13,3,10,3,0,1,2,1,0.111111111111111,1,0.166666666666667,1,5,-4,0,0
"wc_1986","Argentina",6,4,1,1,13,0.722222222222222,9,0.75,12,6,6,7,6,1,0,19,0.904761904761905,13,0.928571428571429,14,5,9,0,1
"wc_1986","Belgium",8,4,2,2,14,0.583333333333333,10,0.625,9,5,4,7,2,2,3,8,0.380952380952381,6,0.428571428571429,12,15,-3,0,0
"wc_1986","Brazil",4,2,2,0,8,0.666666666666667,6,0.75,6,2,4,5,4,1,0,13,0.866666666666667,9,0.9,10,1,9,0,0
"wc_1986","Bulgaria",8,5,1,2,16,0.666666666666667,11,0.6875,13,5,8,4,0,2,2,2,0.166666666666667,2,0.25,2,6,-4,0,0
"wc_1986","Canada",8,5,3,0,18,0.75,13,0.8125,11,4,7,3,0,0,3,0,0,0,0,0,5,-5,0,0
"wc_1986","Denmark",8,5,1,2,16,0.666666666666667,11,0.6875,17,6,11,4,3,0,1,9,0.75,6,0.75,10,6,4,0,0
"wc_1986","England",8,4,4,0,16,0.666666666666667,12,0.75,21,2,19,5,2,1,2,7,0.466666666666667,5,0.5,7,3,4,0,0
"wc_1986","France",8,5,1,2,16,0.666666666666667,11,0.6875,15,4,11,7,4,2,1,14,0.666666666666667,10,0.714285714285714,12,6,6,0,0
"wc_1986","Germany",8,5,2,1,17,0.708333333333333,12,0.75,22,9,13,7,3,2,2,11,0.523809523809524,8,0.571428571428571,8,7,1,0,0
"wc_1986","Hungary",6,5,0,1,15,0.833333333333333,10,0.833333333333333,12,4,8,3,1,0,2,3,0.333333333333333,2,0.333333333333333,2,9,-7,0,0
"wc_1986","Iraq",10,7,1,2,22,0.733333333333333,15,0.75,26,11,15,3,0,0,3,0,0,0,0,1,4,-3,0,0
"wc_1986","Italy",NA,NA,NA,NA,NA,NA,NA,NA,NA,NA,NA,4,1,2,1,5,0.416666666666667,4,0.5,5,6,-1,0,0
"wc_1986","Mexico",NA,NA,NA,NA,NA,NA,NA,NA,NA,NA,NA,5,3,2,0,11,0.733333333333333,8,0.8,6,2,4,1,0
"wc_1986","Morocco",8,5,2,1,17,0.708333333333333,12,0.75,12,1,11,4,1,2,1,5,0.416666666666667,4,0.5,3,2,1,0,0
"wc_1986","Northern Ireland",8,4,2,2,14,0.583333333333333,10,0.625,8,5,3,3,0,1,2,1,0.111111111111111,1,0.166666666666667,2,6,-4,0,0
"wc_1986","Paraguay",8,3,3,2,12,0.5,9,0.5625,14,8,6,4,1,2,1,5,0.416666666666667,4,0.5,4,6,-2,0,0
"wc_1986","Poland",6,3,2,1,11,0.611111111111111,8,0.666666666666667,10,6,4,4,1,1,2,4,0.333333333333333,3,0.375,1,7,-6,0,0
"wc_1986","Portugal",8,5,0,3,15,0.625,10,0.625,12,10,2,3,1,0,2,3,0.333333333333333,2,0.333333333333333,2,4,-2,0,0
"wc_1986","Russia/USSR",8,4,2,2,14,0.583333333333333,10,0.625,13,8,5,4,2,1,1,7,0.583333333333333,5,0.625,12,5,7,0,0
"wc_1986","Scotland",8,4,2,2,14,0.583333333333333,10,0.625,10,4,6,3,0,1,2,1,0.111111111111111,1,0.166666666666667,1,3,-2,0,0
"wc_1986","South Korea",8,7,0,1,21,0.875,14,0.875,17,3,14,3,0,1,2,1,0.111111111111111,1,0.166666666666667,4,7,-3,0,0
"wc_1986","Spain",6,4,0,2,12,0.666666666666667,8,0.666666666666667,9,8,1,5,3,1,1,10,0.666666666666667,7,0.7,11,4,7,0,0
"wc_1986","Uruguay",4,3,0,1,9,0.75,6,0.75,6,4,2,4,0,2,2,2,0.166666666666667,2,0.25,2,8,-6,0,0
"wc_1990","Argentina",NA,NA,NA,NA,NA,NA,NA,NA,NA,NA,NA,7,2,3,2,9,0.428571428571429,7,0.5,5,4,1,0,0
"wc_1990","Austria",8,3,3,2,12,0.5,9,0.5625,9,9,0,3,1,0,2,3,0.333333333333333,2,0.333333333333333,2,3,-1,0,0
"wc_1990","Belgium",8,4,4,0,16,0.666666666666667,12,0.75,15,5,10,4,2,0,2,6,0.5,4,0.5,6,4,2,0,0
"wc_1990","Brazil",3,2,1,0,7,0.777777777777778,5,0.833333333333333,11,1,10,4,3,0,1,9,0.75,6,0.75,4,2,2,0,0
"wc_1990","Cameroon",8,6,1,1,19,0.791666666666667,13,0.8125,12,6,6,5,3,0,2,9,0.6,6,0.6,7,9,-2,0,0
"wc_1990","Colombia",6,3,2,1,11,0.611111111111111,8,0.666666666666667,6,3,3,4,1,1,2,4,0.333333333333333,3,0.375,4,4,0,0,0
"wc_1990","Costa Rica",9,5,2,2,17,0.62962962962963,12,0.666666666666667,9,5,4,4,2,0,2,6,0.5,4,0.5,4,6,-2,0,0
"wc_1990","Czech Republic/CSFR",8,5,2,1,17,0.708333333333333,12,0.75,13,3,10,5,3,0,2,9,0.6,6,0.6,10,5,5,0,0
"wc_1990","Egypt",8,4,3,1,15,0.625,11,0.6875,7,2,5,3,0,2,1,2,0.222222222222222,2,0.333333333333333,1,2,-1,0,0
"wc_1990","England",6,3,3,0,12,0.666666666666667,9,0.75,10,0,10,7,3,3,1,12,0.571428571428571,9,0.642857142857143,8,6,2,0,0
"wc_1990","Germany",6,3,3,0,12,0.666666666666667,9,0.75,13,3,10,7,5,2,0,17,0.80952380952381,12,0.857142857142857,15,5,10,0,1
"wc_1990","Ireland",8,5,2,1,17,0.708333333333333,12,0.75,10,2,8,5,0,4,1,4,0.266666666666667,4,0.4,2,3,-1,0,0
"wc_1990","Italy",NA,NA,NA,NA,NA,NA,NA,NA,NA,NA,NA,7,6,1,0,19,0.904761904761905,13,0.928571428571429,10,2,8,1,0
"wc_1990","Netherlands",6,4,2,0,14,0.777777777777778,10,0.833333333333333,8,2,6,4,0,3,1,3,0.25,3,0.375,3,4,-1,0,0
"wc_1990","Romania",6,4,1,1,13,0.722222222222222,9,0.75,10,5,5,4,1,2,1,5,0.416666666666667,4,0.5,4,3,1,0,0
"wc_1990","Russia/USSR",8,4,3,1,15,0.625,11,0.6875,11,4,7,3,1,0,2,3,0.333333333333333,2,0.333333333333333,4,4,0,0,0
"wc_1990","Scotland",8,4,2,2,14,0.583333333333333,10,0.625,12,12,0,3,1,0,2,3,0.333333333333333,2,0.333333333333333,2,3,-1,0,0
"wc_1990","Serbia/Yugoslavia",8,6,2,0,20,0.833333333333333,14,0.875,16,6,10,5,3,1,1,10,0.666666666666667,7,0.7,8,6,2,0,0
"wc_1990","South Korea",11,9,2,0,29,0.878787878787879,20,0.909090909090909,30,1,29,3,0,0,3,0,0,0,0,1,6,-5,0,0
"wc_1990","Spain",8,6,1,1,19,0.791666666666667,13,0.8125,20,3,17,4,2,1,1,7,0.583333333333333,5,0.625,6,4,2,0,0
"wc_1990","Sweden",6,4,2,0,14,0.777777777777778,10,0.833333333333333,9,3,6,3,0,0,3,0,0,0,0,3,6,-3,0,0
"wc_1990","United Arab Emirates",9,4,4,1,16,0.592592592592593,12,0.666666666666667,16,7,9,3,0,0,3,0,0,0,0,2,11,-9,0,0
"wc_1990","Uruguay",4,3,0,1,9,0.75,6,0.75,7,2,5,4,1,1,2,4,0.333333333333333,3,0.375,2,5,-3,0,0
"wc_1990","USA",10,5,4,1,19,0.633333333333333,14,0.7,11,4,7,3,0,0,3,0,0,0,0,2,8,-6,0,0
"wc_1994","Argentina",8,4,2,2,14,0.583333333333333,10,0.625,9,10,-1,4,2,0,2,6,0.5,4,0.5,8,6,2,0,0
"wc_1994","Belgium",10,7,1,2,22,0.733333333333333,15,0.75,16,5,11,4,2,0,2,6,0.5,4,0.5,4,4,0,0,0
"wc_1994","Bolivia",8,5,1,2,16,0.666666666666667,11,0.6875,22,11,11,3,0,1,2,1,0.111111111111111,1,0.166666666666667,1,4,-3,0,0
"wc_1994","Brazil",8,5,2,1,17,0.708333333333333,12,0.75,20,4,16,7,5,2,0,17,0.80952380952381,12,0.857142857142857,11,3,8,0,1
"wc_1994","Bulgaria",10,6,2,2,20,0.666666666666667,14,0.7,19,10,9,7,3,1,3,10,0.476190476190476,7,0.5,10,11,-1,0,0
"wc_1994","Cameroon",9,5,3,1,18,0.666666666666667,13,0.722222222222222,14,4,10,3,0,1,2,1,0.111111111111111,1,0.166666666666667,3,11,-8,0,0
"wc_1994","Colombia",6,4,2,0,14,0.777777777777778,10,0.833333333333333,13,2,11,3,1,0,2,3,0.333333333333333,2,0.333333333333333,4,5,-1,0,0
"wc_1994","Germany",NA,NA,NA,NA,NA,NA,NA,NA,NA,NA,NA,5,3,1,1,10,0.666666666666667,7,0.7,9,7,2,0,0
"wc_1994","Greece",8,6,2,0,20,0.833333333333333,14,0.875,10,2,8,3,0,0,3,0,0,0,0,0,10,-10,0,0
"wc_1994","Ireland",12,7,4,1,25,0.694444444444444,18,0.75,19,6,13,4,1,1,2,4,0.333333333333333,3,0.375,2,4,-2,0,0
"wc_1994","Italy",10,7,2,1,23,0.766666666666667,16,0.8,22,7,15,7,4,2,1,14,0.666666666666667,10,0.714285714285714,8,5,3,0,0
"wc_1994","Mexico",12,9,1,2,28,0.777777777777778,19,0.791666666666667,39,8,31,4,1,2,1,5,0.416666666666667,4,0.5,4,4,0,0,0
"wc_1994","Morocco",10,7,2,1,23,0.766666666666667,16,0.8,19,4,15,3,0,0,3,0,0,0,0,2,5,-3,0,0
"wc_1994","Netherlands",10,6,3,1,21,0.7,15,0.75,29,9,20,5,3,0,2,9,0.6,6,0.6,8,6,2,0,0
"wc_1994","Nigeria",8,5,2,1,17,0.708333333333333,12,0.75,17,5,12,4,2,0,2,6,0.5,4,0.5,7,4,3,0,0
"wc_1994","Norway",10,7,2,1,23,0.766666666666667,16,0.8,25,5,20,3,1,1,1,4,0.444444444444444,3,0.5,1,1,0,0,0
"wc_1994","Romania",10,7,1,2,22,0.733333333333333,15,0.75,29,12,17,5,3,1,1,10,0.666666666666667,7,0.7,10,9,1,0,0
"wc_1994","Russia/USSR",8,5,2,1,17,0.708333333333333,12,0.75,15,4,11,3,1,0,2,3,0.333333333333333,2,0.333333333333333,7,6,1,0,0
"wc_1994","Saudi Arabia",11,6,5,0,23,0.696969696969697,17,0.772727272727273,28,7,21,4,2,0,2,6,0.5,4,0.5,5,6,-1,0,0
"wc_1994","South Korea",13,9,3,1,30,0.769230769230769,21,0.807692307692308,32,5,27,3,0,2,1,2,0.222222222222222,2,0.333333333333333,4,5,-1,0,0
"wc_1994","Spain",12,8,3,1,27,0.75,19,0.791666666666667,27,4,23,5,2,2,1,8,0.533333333333333,6,0.6,10,6,4,0,0
"wc_1994","Sweden",10,6,3,1,21,0.7,15,0.75,19,8,11,7,3,3,1,12,0.571428571428571,9,0.642857142857143,15,8,7,0,0
"wc_1994","Switzerland",10,6,3,1,21,0.7,15,0.75,23,6,17,4,1,1,2,4,0.333333333333333,3,0.375,5,7,-2,0,0
"wc_1994","USA",NA,NA,NA,NA,NA,NA,NA,NA,NA,NA,NA,4,1,1,2,4,0.333333333333333,3,0.375,3,4,-1,1,0
"wc_1998","Argentina",16,8,6,2,30,0.625,22,0.6875,23,13,10,5,3,1,1,10,0.666666666666667,7,0.7,10,4,6,0,0
"wc_1998","Austria",10,8,1,1,25,0.833333333333333,17,0.85,17,4,13,3,0,2,1,2,0.222222222222222,2,0.333333333333333,3,4,-1,0,0
"wc_1998","Belgium",10,7,1,2,22,0.733333333333333,15,0.75,23,13,10,3,0,3,0,3,0.333333333333333,3,0.5,3,3,0,0,0
"wc_1998","Brazil",NA,NA,NA,NA,NA,NA,NA,NA,NA,NA,NA,7,4,1,2,13,0.619047619047619,9,0.642857142857143,14,10,4,0,0
"wc_1998","Bulgaria",8,6,0,2,18,0.75,12,0.75,18,9,9,3,0,1,2,1,0.111111111111111,1,0.166666666666667,1,7,-6,0,0
"wc_1998","Cameroon",6,4,2,0,14,0.777777777777778,10,0.833333333333333,10,4,6,3,0,2,1,2,0.222222222222222,2,0.333333333333333,2,5,-3,0,0
"wc_1998","Chile",16,7,4,5,25,0.520833333333333,18,0.5625,32,18,14,4,0,3,1,3,0.25,3,0.375,5,8,-3,0,0
"wc_1998","Colombia",16,8,4,4,28,0.583333333333333,20,0.625,23,15,8,3,1,0,2,3,0.333333333333333,2,0.333333333333333,1,3,-2,0,0
"wc_1998","Croatia",10,5,4,1,19,0.633333333333333,14,0.7,20,13,7,7,5,0,2,15,0.714285714285714,10,0.714285714285714,11,5,6,0,0
"wc_1998","Denmark",8,5,2,1,17,0.708333333333333,12,0.75,14,6,8,5,2,1,2,7,0.466666666666667,5,0.5,9,7,2,0,0
"wc_1998","England",8,6,1,1,19,0.791666666666667,13,0.8125,15,2,13,4,2,1,1,7,0.583333333333333,5,0.625,7,4,3,0,0
"wc_1998","France",NA,NA,NA,NA,NA,NA,NA,NA,NA,NA,NA,7,6,1,0,19,0.904761904761905,13,0.928571428571429,15,2,13,1,1
"wc_1998","Germany",10,6,4,0,22,0.733333333333333,16,0.8,23,9,14,5,3,1,1,10,0.666666666666667,7,0.7,8,6,2,0,0
"wc_1998","Iran",17,8,6,3,30,0.588235294117647,22,0.647058823529412,57,17,40,3,1,0,2,3,0.333333333333333,2,0.333333333333333,2,4,-2,0,0
"wc_1998","Italy",10,6,4,0,22,0.733333333333333,16,0.8,13,2,11,5,3,2,0,11,0.733333333333333,8,0.8,8,3,5,0,0
"wc_1998","Jamaica",20,11,6,3,39,0.65,28,0.7,24,15,9,3,1,0,2,3,0.333333333333333,2,0.333333333333333,3,9,-6,0,0
"wc_1998","Japan",15,9,5,1,32,0.711111111111111,23,0.766666666666667,51,12,39,3,0,0,3,0,0,0,0,1,4,-3,0,0
"wc_1998","Mexico",16,8,6,2,30,0.625,22,0.6875,37,13,24,4,1,2,1,5,0.416666666666667,4,0.5,8,7,1,0,0
"wc_1998","Morocco",5,4,1,0,13,0.866666666666667,9,0.9,10,2,8,3,1,1,1,4,0.444444444444444,3,0.5,5,5,0,0,0
"wc_1998","Netherlands",8,6,1,1,19,0.791666666666667,13,0.8125,26,4,22,7,3,3,1,12,0.571428571428571,9,0.642857142857143,13,7,6,0,0
"wc_1998","Nigeria",6,4,1,1,13,0.722222222222222,9,0.75,10,4,6,4,2,0,2,6,0.5,4,0.5,6,9,-3,0,0
"wc_1998","Norway",8,6,2,0,20,0.833333333333333,14,0.875,21,2,19,4,1,2,1,5,0.416666666666667,4,0.5,5,5,0,0,0
"wc_1998","Paraguay",16,9,2,5,29,0.604166666666667,20,0.625,21,14,7,4,1,2,1,5,0.416666666666667,4,0.5,3,2,1,0,0
"wc_1998","Romania",10,9,1,0,28,0.933333333333333,19,0.95,37,4,33,4,2,1,1,7,0.583333333333333,5,0.625,4,3,1,0,0
"wc_1998","Saudi Arabia",14,9,3,2,30,0.714285714285714,21,0.75,26,7,19,3,0,1,2,1,0.111111111111111,1,0.166666666666667,2,7,-5,0,0
"wc_1998","Scotland",10,7,2,1,23,0.766666666666667,16,0.8,15,3,12,3,0,1,2,1,0.111111111111111,1,0.166666666666667,2,6,-4,0,0
"wc_1998","Serbia/Yugoslavia",12,9,2,1,29,0.805555555555556,20,0.833333333333333,41,8,33,4,2,1,1,7,0.583333333333333,5,0.625,5,4,1,0,0
"wc_1998","South Africa",8,6,1,1,19,0.791666666666667,13,0.8125,11,3,8,3,0,2,1,2,0.222222222222222,2,0.333333333333333,3,6,-3,0,0
"wc_1998","South Korea",12,9,2,1,29,0.805555555555556,20,0.833333333333333,28,8,20,3,0,1,2,1,0.111111111111111,1,0.166666666666667,2,9,-7,0,0
"wc_1998","Spain",10,8,2,0,26,0.866666666666667,18,0.9,26,6,20,3,1,1,1,4,0.444444444444444,3,0.5,8,4,4,0,0
"wc_1998","Tunisia",8,7,1,0,22,0.916666666666667,15,0.9375,15,2,13,3,0,1,2,1,0.111111111111111,1,0.166666666666667,1,4,-3,0,0
"wc_1998","USA",16,8,6,2,30,0.625,22,0.6875,27,14,13,3,0,0,3,0,0,0,0,1,5,-4,0,0
"wc_2002","Argentina",18,13,4,1,43,0.796296296296296,30,0.833333333333333,42,15,27,3,1,1,1,4,0.444444444444444,3,0.5,2,2,0,0,0
"wc_2002","Belgium",10,7,2,1,23,0.766666666666667,16,0.8,27,6,21,4,1,2,1,5,0.416666666666667,4,0.5,6,7,-1,0,0
"wc_2002","Brazil",18,9,3,6,30,0.555555555555556,21,0.583333333333333,31,17,14,7,7,0,0,21,1,14,1,18,4,14,0,1
"wc_2002","Cameroon",10,8,1,1,25,0.833333333333333,17,0.85,20,4,16,3,1,1,1,4,0.444444444444444,3,0.5,2,3,-1,0,0
"wc_2002","China",14,12,1,1,37,0.880952380952381,25,0.892857142857143,38,5,33,3,0,0,3,0,0,0,0,0,9,-9,0,0
"wc_2002","Costa Rica",17,11,3,3,36,0.705882352941177,25,0.735294117647059,31,15,16,3,1,1,1,4,0.444444444444444,3,0.5,5,6,-1,0,0
"wc_2002","Croatia",8,5,3,0,18,0.75,13,0.8125,15,2,13,3,1,0,2,3,0.333333333333333,2,0.333333333333333,2,3,-1,0,0
"wc_2002","Denmark",10,6,4,0,22,0.733333333333333,16,0.8,22,6,16,4,2,1,1,7,0.583333333333333,5,0.625,5,5,0,0,0
"wc_2002","Ecuador",18,9,4,5,31,0.574074074074074,22,0.611111111111111,23,20,3,3,1,0,2,3,0.333333333333333,2,0.333333333333333,2,4,-2,0,0
"wc_2002","England",8,5,2,1,17,0.708333333333333,12,0.75,16,6,10,5,2,2,1,8,0.533333333333333,6,0.6,6,3,3,0,0
"wc_2002","France",NA,NA,NA,NA,NA,NA,NA,NA,NA,NA,NA,3,0,1,2,1,0.111111111111111,1,0.166666666666667,0,3,-3,0,0
"wc_2002","Germany",10,6,3,1,21,0.7,15,0.75,19,12,7,7,5,1,1,16,0.761904761904762,11,0.785714285714286,14,3,11,0,0
"wc_2002","Ireland",17,10,4,3,34,0.666666666666667,24,0.705882352941177,30,9,21,4,1,3,0,6,0.5,5,0.625,6,3,3,0,0
"wc_2002","Italy",8,6,2,0,20,0.833333333333333,14,0.875,16,3,13,4,1,1,2,4,0.333333333333333,3,0.375,5,5,0,0,0
"wc_2002","Japan",NA,NA,NA,NA,NA,NA,NA,NA,NA,NA,NA,4,2,1,1,7,0.583333333333333,5,0.625,5,3,2,0,0
"wc_2002","Mexico",16,9,3,4,30,0.625,21,0.65625,33,11,22,4,2,1,1,7,0.583333333333333,5,0.625,4,4,0,0,0
"wc_2002","Nigeria",10,6,2,2,20,0.666666666666667,14,0.7,19,3,16,3,0,1,2,1,0.111111111111111,1,0.166666666666667,1,3,-2,0,0
"wc_2002","Paraguay",18,9,3,6,30,0.555555555555556,21,0.583333333333333,29,23,6,4,1,1,2,4,0.333333333333333,3,0.375,6,7,-1,0,0
"wc_2002","Poland",10,6,3,1,21,0.7,15,0.75,21,11,10,3,1,0,2,3,0.333333333333333,2,0.333333333333333,3,7,-4,0,0
"wc_2002","Portugal",10,7,3,0,24,0.8,17,0.85,33,7,26,3,1,0,2,3,0.333333333333333,2,0.333333333333333,6,4,2,0,0
"wc_2002","Russia/USSR",10,7,2,1,23,0.766666666666667,16,0.8,18,5,13,3,1,0,2,3,0.333333333333333,2,0.333333333333333,4,4,0,0,0
"wc_2002","Saudi Arabia",14,11,2,1,35,0.833333333333333,24,0.857142857142857,47,8,39,3,0,0,3,0,0,0,0,0,12,-12,0,0
"wc_2002","Senegal",10,5,4,1,19,0.633333333333333,14,0.7,16,3,13,5,2,2,1,8,0.533333333333333,6,0.6,7,6,1,0,0
"wc_2002","Slovenia",12,6,6,0,24,0.666666666666667,18,0.75,20,11,9,3,0,0,3,0,0,0,0,2,7,-5,0,0
"wc_2002","South Africa",7,6,1,0,19,0.904761904761905,13,0.928571428571429,11,3,8,3,1,1,1,4,0.444444444444444,3,0.5,5,5,0,0,0
"wc_2002","South Korea",NA,NA,NA,NA,NA,NA,NA,NA,NA,NA,NA,7,3,2,2,11,0.523809523809524,8,0.571428571428571,8,6,2,1,0
"wc_2002","Spain",8,6,2,0,20,0.833333333333333,14,0.875,21,4,17,5,3,2,0,11,0.733333333333333,8,0.8,10,5,5,0,0
"wc_2002","Sweden",10,8,2,0,26,0.866666666666667,18,0.9,20,3,17,4,1,2,1,5,0.416666666666667,4,0.5,5,5,0,0,0
"wc_2002","Tunisia",10,8,2,0,26,0.866666666666667,18,0.9,28,5,23,3,0,1,2,1,0.111111111111111,1,0.166666666666667,1,5,-4,0,0
"wc_2002","Turkey",12,8,3,1,27,0.75,19,0.791666666666667,24,8,16,7,4,1,2,13,0.619047619047619,9,0.642857142857143,10,6,4,0,0
"wc_2002","Uruguay",20,8,6,6,30,0.5,22,0.55,22,14,8,3,0,2,1,2,0.222222222222222,2,0.333333333333333,4,5,-1,0,0
"wc_2002","USA",16,8,4,4,28,0.583333333333333,20,0.625,25,11,14,5,2,1,2,7,0.466666666666667,5,0.5,7,7,0,0,0
"wc_2006","Angola",12,7,3,2,24,0.666666666666667,17,0.708333333333333,15,9,6,3,0,2,1,2,0.222222222222222,2,0.333333333333333,1,2,-1,0,0
"wc_2006","Argentina",18,10,4,4,34,0.62962962962963,24,0.666666666666667,29,17,12,5,3,2,0,11,0.733333333333333,8,0.8,11,3,8,0,0
"wc_2006","Australia",11,8,1,2,25,0.757575757575758,17,0.772727272727273,32,6,26,4,1,1,2,4,0.333333333333333,3,0.375,5,6,-1,0,0
"wc_2006","Brazil",18,9,7,2,34,0.62962962962963,25,0.694444444444444,35,17,18,5,4,0,1,12,0.8,8,0.8,10,2,8,0,0
"wc_2006","Costa Rica",18,8,4,6,28,0.518518518518518,20,0.555555555555556,30,25,5,3,0,0,3,0,0,0,0,3,9,-6,0,0
"wc_2006","Croatia",10,7,3,0,24,0.8,17,0.85,21,5,16,3,0,2,1,2,0.222222222222222,2,0.333333333333333,2,3,-1,0,0
"wc_2006","Czech Republic/CSFR",7,5,0,2,15,0.714285714285714,10,0.714285714285714,13,4,9,3,1,0,2,3,0.333333333333333,2,0.333333333333333,3,4,-1,0,0
"wc_2006","Ecuador",18,8,4,6,28,0.518518518518518,20,0.555555555555556,23,19,4,4,2,0,2,6,0.5,4,0.5,5,4,1,0,0
"wc_2006","England",10,8,1,1,25,0.833333333333333,17,0.85,17,5,12,5,3,2,0,11,0.733333333333333,8,0.8,6,2,4,0,0
"wc_2006","France",10,5,5,0,20,0.666666666666667,15,0.75,14,2,12,7,4,3,0,15,0.714285714285714,11,0.785714285714286,9,3,6,0,0
"wc_2006","Germany",NA,NA,NA,NA,NA,NA,NA,NA,NA,NA,NA,7,5,1,1,16,0.761904761904762,11,0.785714285714286,14,6,8,1,0
"wc_2006","Ghana",12,8,3,1,27,0.75,19,0.791666666666667,24,4,20,4,2,0,2,6,0.5,4,0.5,4,6,-2,0,0
"wc_2006","Iran",12,9,1,2,28,0.777777777777778,19,0.791666666666667,29,7,22,3,0,1,2,1,0.111111111111111,1,0.166666666666667,2,6,-4,0,0
"wc_2006","Italy",10,7,2,1,23,0.766666666666667,16,0.8,17,8,9,7,5,2,0,17,0.80952380952381,12,0.857142857142857,12,2,10,0,1
"wc_2006","Ivory Coast",10,7,1,2,22,0.733333333333333,15,0.75,20,7,13,3,1,0,2,3,0.333333333333333,2,0.333333333333333,5,6,-1,0,0
"wc_2006","Japan",12,11,0,1,33,0.916666666666667,22,0.916666666666667,25,5,20,3,0,1,2,1,0.111111111111111,1,0.166666666666667,2,7,-5,0,0
"wc_2006","Mexico",18,15,1,2,46,0.851851851851852,31,0.861111111111111,67,10,57,4,1,1,2,4,0.333333333333333,3,0.375,5,5,0,0,0
"wc_2006","Netherlands",12,10,2,0,32,0.888888888888889,22,0.916666666666667,27,3,24,4,2,1,1,7,0.583333333333333,5,0.625,3,2,1,0,0
"wc_2006","Paraguay",18,8,4,6,28,0.518518518518518,20,0.555555555555556,23,23,0,3,1,0,2,3,0.333333333333333,2,0.333333333333333,2,2,0,0,0
"wc_2006","Poland",10,8,0,2,24,0.8,16,0.8,27,9,18,3,1,0,2,3,0.333333333333333,2,0.333333333333333,2,4,-2,0,0
"wc_2006","Portugal",12,9,3,0,30,0.833333333333333,21,0.875,35,5,30,7,4,1,2,13,0.619047619047619,9,0.642857142857143,7,5,2,0,0
"wc_2006","Saudi Arabia",12,10,2,0,32,0.888888888888889,22,0.916666666666667,24,2,22,3,0,1,2,1,0.111111111111111,1,0.166666666666667,2,7,-5,0,0
"wc_2006","Serbia/Yugoslavia",5,3,2,0,11,0.733333333333333,8,0.8,8,1,7,3,0,0,3,0,0,0,0,2,10,-8,0,0
"wc_2006","South Korea",12,7,3,2,24,0.666666666666667,17,0.708333333333333,18,7,11,3,1,1,1,4,0.444444444444444,3,0.5,3,4,-1,0,0
"wc_2006","Spain",12,6,6,0,24,0.666666666666667,18,0.75,25,5,20,4,3,0,1,9,0.75,6,0.75,9,4,5,0,0
"wc_2006","Sweden",10,8,0,2,24,0.8,16,0.8,30,4,26,4,1,2,1,5,0.416666666666667,4,0.5,3,4,-1,0,0
"wc_2006","Switzerland",12,5,6,1,21,0.583333333333333,16,0.666666666666667,22,11,11,4,2,2,0,8,0.666666666666667,6,0.75,4,0,4,0,0
"wc_2006","Togo",11,7,2,2,23,0.696969696969697,16,0.727272727272727,20,8,12,3,0,0,3,0,0,0,0,1,6,-5,0,0
"wc_2006","Trinidad and Tobago",10,5,0,5,15,0.5,10,0.5,8,14,-6,3,0,1,2,1,0.111111111111111,1,0.166666666666667,0,4,-4,0,0
"wc_2006","Tunisia",10,6,3,1,21,0.7,15,0.75,25,9,16,3,0,1,2,1,0.111111111111111,1,0.166666666666667,3,6,-3,0,0
"wc_2006","Ukraine",12,7,4,1,25,0.694444444444444,18,0.75,18,7,11,5,2,1,2,7,0.466666666666667,5,0.5,5,7,-2,0,0
"wc_2006","USA",18,12,4,2,40,0.740740740740741,28,0.777777777777778,35,11,24,3,0,1,2,1,0.111111111111111,1,0.166666666666667,2,6,-4,0,0
"wc_2010","Algeria",13,8,2,3,26,0.666666666666667,18,0.692307692307692,17,8,9,3,0,1,2,1,0.111111111111111,1,0.166666666666667,0,2,-2,0,0
"wc_2010","Argentina",18,8,4,6,28,0.518518518518518,20,0.555555555555556,23,20,3,5,4,0,1,12,0.8,8,0.8,10,6,4,0,0
"wc_2010","Australia",14,9,3,2,30,0.714285714285714,21,0.75,19,4,15,3,1,1,1,4,0.444444444444444,3,0.5,3,6,-3,0,0
"wc_2010","Brazil",18,9,7,2,34,0.62962962962963,25,0.694444444444444,33,11,22,5,3,1,1,10,0.666666666666667,7,0.7,9,4,5,0,0
"wc_2010","Cameroon",12,9,2,1,29,0.805555555555556,20,0.833333333333333,23,4,19,3,0,0,3,0,0,0,0,2,5,-3,0,0
"wc_2010","Chile",18,10,3,5,33,0.611111111111111,23,0.638888888888889,32,22,10,4,2,0,2,6,0.5,4,0.5,3,5,-2,0,0
"wc_2010","Denmark",10,6,3,1,21,0.7,15,0.75,16,5,11,3,1,0,2,3,0.333333333333333,2,0.333333333333333,3,6,-3,0,0
"wc_2010","England",10,9,0,1,27,0.9,18,0.9,34,6,28,4,1,2,1,5,0.416666666666667,4,0.5,3,5,-2,0,0
"wc_2010","France",12,7,4,1,25,0.694444444444444,18,0.75,20,10,10,3,0,1,2,1,0.111111111111111,1,0.166666666666667,1,4,-3,0,0
"wc_2010","Germany",10,8,2,0,26,0.866666666666667,18,0.9,26,5,21,7,5,0,2,15,0.714285714285714,10,0.714285714285714,16,5,11,0,0
"wc_2010","Ghana",12,8,1,3,25,0.694444444444444,17,0.708333333333333,20,8,12,5,2,2,1,8,0.533333333333333,6,0.6,5,4,1,0,0
"wc_2010","Greece",12,7,3,2,24,0.666666666666667,17,0.708333333333333,21,10,11,3,1,0,2,3,0.333333333333333,2,0.333333333333333,2,5,-3,0,0
"wc_2010","Honduras",18,10,2,6,32,0.592592592592593,22,0.611111111111111,32,18,14,3,0,1,2,1,0.111111111111111,1,0.166666666666667,0,3,-3,0,0
"wc_2010","Italy",10,7,3,0,24,0.8,17,0.85,18,7,11,3,0,2,1,2,0.222222222222222,2,0.333333333333333,4,5,-1,0,0
"wc_2010","Ivory Coast",12,8,4,0,28,0.777777777777778,20,0.833333333333333,29,6,23,3,1,1,1,4,0.444444444444444,3,0.5,4,3,1,0,0
"wc_2010","Japan",14,8,4,2,28,0.666666666666667,20,0.714285714285714,23,9,14,4,2,1,1,7,0.583333333333333,5,0.625,4,2,2,0,0
"wc_2010","Mexico",18,11,2,5,35,0.648148148148148,24,0.666666666666667,36,18,18,4,1,1,2,4,0.333333333333333,3,0.375,4,5,-1,0,0
"wc_2010","Netherlands",8,8,0,0,24,1,16,1,17,2,15,7,6,0,1,18,0.857142857142857,12,0.857142857142857,12,6,6,0,0
"wc_2010","New Zealand",10,7,2,1,23,0.766666666666667,16,0.8,16,5,11,3,0,3,0,3,0.333333333333333,3,0.5,2,2,0,0,0
"wc_2010","Nigeria",12,9,3,0,30,0.833333333333333,21,0.875,20,5,15,3,0,1,2,1,0.111111111111111,1,0.166666666666667,3,5,-2,0,0
"wc_2010","North Korea",16,8,6,2,30,0.625,22,0.6875,20,7,13,3,0,0,3,0,0,0,0,1,12,-11,0,0
"wc_2010","Paraguay",18,10,3,5,33,0.611111111111111,23,0.638888888888889,24,16,8,5,1,3,1,6,0.4,5,0.5,3,2,1,0,0
"wc_2010","Portugal",12,7,4,1,25,0.694444444444444,18,0.75,19,5,14,4,1,2,1,5,0.416666666666667,4,0.5,7,1,6,0,0
"wc_2010","Serbia/Yugoslavia",15,8,4,3,28,0.622222222222222,20,0.666666666666667,27,14,13,3,1,0,2,3,0.333333333333333,2,0.333333333333333,2,3,-1,0,0
"wc_2010","Slovakia",10,7,1,2,22,0.733333333333333,15,0.75,22,10,12,4,1,1,2,4,0.333333333333333,3,0.375,5,7,-2,0,0
"wc_2010","Slovenia",12,7,2,3,23,0.638888888888889,16,0.666666666666667,20,6,14,3,1,1,1,4,0.444444444444444,3,0.5,3,3,0,0,0
"wc_2010","South Africa",6,2,1,3,7,0.388888888888889,5,0.416666666666667,5,5,0,3,1,1,1,4,0.444444444444444,3,0.5,3,5,-2,1,0
"wc_2010","South Korea",14,7,7,0,28,0.666666666666667,21,0.75,22,7,15,4,1,1,2,4,0.333333333333333,3,0.375,6,8,-2,0,0
"wc_2010","Spain",10,10,0,0,30,1,20,1,28,5,23,7,6,0,1,18,0.857142857142857,12,0.857142857142857,8,2,6,0,1
"wc_2010","Switzerland",10,6,3,1,21,0.7,15,0.75,18,8,10,3,1,1,1,4,0.444444444444444,3,0.5,1,1,0,0,0
"wc_2010","Uruguay",22,8,8,6,32,0.484848484848485,24,0.545454545454545,32,22,10,7,3,2,2,11,0.523809523809524,8,0.571428571428571,11,8,3,0,0
"wc_2010","USA",18,13,2,3,41,0.759259259259259,28,0.777777777777778,42,16,26,4,1,2,1,5,0.416666666666667,4,0.5,5,5,0,0,0
"wc_2014","Algeria",8,6,0,2,18,0.75,12,0.75,16,7,9,4,1,1,2,4,0.333333333333333,3,0.375,7,7,0,0,0
"wc_2014","Argentina",16,9,5,2,32,0.666666666666667,23,0.71875,35,15,20,7,5,1,1,16,0.761904761904762,11,0.785714285714286,8,4,4,0,0
"wc_2014","Australia",14,8,4,2,28,0.666666666666667,20,0.714285714285714,25,12,13,3,0,0,3,0,0,0,0,3,9,-6,0,0
"wc_2014","Belgium",10,8,2,0,26,0.866666666666667,18,0.9,18,4,14,5,4,0,1,12,0.8,8,0.8,6,3,3,0,0
"wc_2014","Bosnia-Herzegovina",10,8,1,1,25,0.833333333333333,17,0.85,30,6,24,3,1,0,2,3,0.333333333333333,2,0.333333333333333,4,4,0,0,0
"wc_2014","Brazil",NA,NA,NA,NA,NA,NA,NA,NA,NA,NA,NA,7,3,2,2,11,0.523809523809524,8,0.571428571428571,11,14,-3,1,0
"wc_2014","Cameroon",7,4,2,1,14,0.666666666666667,10,0.714285714285714,9,4,5,3,0,0,3,0,0,0,0,1,9,-8,0,0
"wc_2014","Chile",16,9,1,6,28,0.583333333333333,19,0.59375,29,25,4,4,2,1,1,7,0.583333333333333,5,0.625,6,4,2,0,0
"wc_2014","Colombia",16,9,3,4,30,0.625,21,0.65625,27,13,14,5,4,0,1,12,0.8,8,0.8,12,4,8,0,0
"wc_2014","Costa Rica",16,8,4,4,28,0.583333333333333,20,0.625,27,12,15,5,2,3,0,9,0.6,7,0.7,5,2,3,0,0
"wc_2014","Croatia",12,6,3,3,21,0.583333333333333,15,0.625,14,9,5,3,1,0,2,3,0.333333333333333,2,0.333333333333333,6,6,0,0,0
"wc_2014","Ecuador",16,7,4,5,25,0.520833333333333,18,0.5625,20,16,4,3,1,1,1,4,0.444444444444444,3,0.5,3,3,0,0,0
"wc_2014","England",10,6,4,0,22,0.733333333333333,16,0.8,31,4,27,3,0,1,2,1,0.111111111111111,1,0.166666666666667,2,4,-2,0,0
"wc_2014","France",10,6,2,2,20,0.666666666666667,14,0.7,18,8,10,5,3,1,1,10,0.666666666666667,7,0.7,10,3,7,0,0
"wc_2014","Germany",10,9,1,0,28,0.933333333333333,19,0.95,36,10,26,7,6,1,0,19,0.904761904761905,13,0.928571428571429,18,4,14,0,1
"wc_2014","Ghana",8,6,0,2,18,0.75,12,0.75,25,6,19,3,0,1,2,1,0.111111111111111,1,0.166666666666667,4,6,-2,0,0
"wc_2014","Greece",12,9,2,1,29,0.805555555555556,20,0.833333333333333,16,6,10,4,1,2,1,5,0.416666666666667,4,0.5,3,5,-2,0,0
"wc_2014","Honduras",16,7,5,4,26,0.541666666666667,19,0.59375,25,15,10,3,0,0,3,0,0,0,0,1,8,-7,0,0
"wc_2014","Iran",16,10,4,2,34,0.708333333333333,24,0.75,30,7,23,3,0,1,2,1,0.111111111111111,1,0.166666666666667,1,4,-3,0,0
"wc_2014","Italy",10,6,4,0,22,0.733333333333333,16,0.8,19,9,10,3,1,0,2,3,0.333333333333333,2,0.333333333333333,2,3,-1,0,0
"wc_2014","Ivory Coast",8,5,3,0,18,0.75,13,0.8125,19,7,12,3,1,0,2,3,0.333333333333333,2,0.333333333333333,4,5,-1,0,0
"wc_2014","Japan",14,8,3,3,27,0.642857142857143,19,0.678571428571429,30,8,22,3,0,1,2,1,0.111111111111111,1,0.166666666666667,2,6,-4,0,0
"wc_2014","Mexico",20,12,5,3,41,0.683333333333333,29,0.725,40,17,23,4,2,1,1,7,0.583333333333333,5,0.625,5,3,2,0,0
"wc_2014","Netherlands",10,9,1,0,28,0.933333333333333,19,0.95,34,5,29,7,5,2,0,17,0.80952380952381,12,0.857142857142857,15,4,11,0,0
"wc_2014","Nigeria",8,5,3,0,18,0.75,13,0.8125,11,4,7,4,1,1,2,4,0.333333333333333,3,0.375,3,5,-2,0,0
"wc_2014","Portugal",12,8,3,1,27,0.75,19,0.791666666666667,24,11,13,3,1,1,1,4,0.444444444444444,3,0.5,4,7,-3,0,0
"wc_2014","Russia/USSR",10,7,1,2,22,0.733333333333333,15,0.75,20,5,15,3,0,2,1,2,0.222222222222222,2,0.333333333333333,2,3,-1,0,0
"wc_2014","South Korea",14,8,3,3,27,0.642857142857143,19,0.678571428571429,27,11,16,3,0,1,2,1,0.111111111111111,1,0.166666666666667,3,6,-3,0,0
"wc_2014","Spain",8,6,2,0,20,0.833333333333333,14,0.875,14,3,11,3,1,0,2,3,0.333333333333333,2,0.333333333333333,4,7,-3,0,0
"wc_2014","Switzerland",10,7,3,0,24,0.8,17,0.85,17,6,11,4,2,0,2,6,0.5,4,0.5,7,7,0,0,0
"wc_2014","Uruguay",20,9,6,5,33,0.55,24,0.6,35,25,10,4,2,0,2,6,0.5,4,0.5,4,6,-2,0,0
"wc_2014","USA",16,11,2,3,35,0.729166666666667,24,0.75,26,14,12,4,1,1,2,4,0.333333333333333,3,0.375,5,6,-1,0,0
